Date,Temperature (°C),Humidity (%),Precipitation (mm),Precipitation Type,Pressure (hPa),Sunrise Time,Sunset Time,Wind Speed (km/h),Wind Direction (°),Dew Point (°C),Feels Like (°C),Cloud Cover (%),UV Index,Visibility (km),Solar Energy (kWh/m²),Solar Radiation (W/m²),Wind Gust (km/h)
2025-04-25,31.1,73.0,0.0,None,1007.3,05:34:23,18:16:09,23.4,217.9,25.4,37.9,36.4,10.0,5.2,25.1,289.6,41.0
2025-04-26,31.2,71.8,0.0,None,1007.7,05:33:46,18:16:26,24.1,222.4,25.2,38.0,40.6,10.0,4.7,25.2,291.8,43.6
2025-04-27,31.6,68.2,0.0,rain,1008.8,05:33:10,18:16:43,20.5,213.1,24.6,37.7,42.9,9.0,4.6,24.4,281.6,42.5
2025-04-28,30.6,67.5,0.0,None,1007.8,05:32:35,18:17:00,22.3,220.6,23.6,35.3,50.1,10.0,4.7,24.8,288.3,39.6
2025-04-29,30.9,64.5,0.041,rain,1007.2,05:32:01,18:17:17,20.5,225.3,23.2,35.7,50.2,10.0,5.5,23.8,276.3,42.1
2025-04-30,26.2,86.7,30.946,rain,1008.2,05:31:28,18:17:35,31.2,256.8,23.5,27.7,74.0,9.0,4.3,21.5,249.5,33.1
2025-05-01,29.0,78.1,0.0,None,1008.7,05:30:55,18:17:53,27.6,178.4,24.5,33.2,51.3,9.0,6.9,23.1,267.2,34.2
2025-05-02,28.3,75.4,1.997,rain,1008.6,05:30:23,18:18:11,19.1,162.4,23.1,30.9,46.5,9.0,7.1,21.4,246.3,36.0
2025-05-03,29.0,74.0,0.041,rain,1007.3,05:29:52,18:18:30,24.1,254.3,23.5,32.7,53.6,9.0,4.5,22.8,262.6,37.8
2025-05-04,26.6,72.9,0.559,rain,1006.7,05:29:22,18:18:48,33.5,276.0,21.2,27.6,64.4,9.0,4.5,17.3,200.0,42.5
2025-05-05,29.1,72.6,0.012,rain,1006.4,05:28:52,18:19:07,18.4,223.5,22.8,32.2,50.2,10.0,4.5,25.8,299.1,33.1
2025-05-06,31.4,70.8,0.0,rain,1006.7,05:28:24,18:19:27,22.3,224.9,24.7,37.4,42.3,9.0,5.2,24.6,284.1,38.2
2025-05-07,31.2,72.6,0.0,rain,1006.2,05:27:56,18:19:46,22.3,219.1,25.3,38.0,59.7,9.0,6.1,23.3,270.9,36.0
2025-05-08,31.2,71.9,0.0,None,1006.8,05:27:29,18:20:06,22.3,220.7,25.2,38.0,53.5,10.0,5.2,24.3,281.8,37.1
2025-05-09,31.1,68.8,0.0,None,1007.2,05:27:03,18:20:26,22.3,213.7,24.3,36.5,37.6,10.0,5.1,25.7,298.1,34.2
2025-05-10,31.2,73.8,0.0,None,1007.2,05:26:38,18:20:46,18.7,225.1,25.5,38.1,36.7,10.0,5.9,26.3,303.7,36.7
2025-05-11,31.1,74.6,0.0,None,1005.8,05:26:14,18:21:06,20.5,221.2,25.7,38.2,37.1,10.0,5.9,25.5,296.9,37.8
2025-05-12,31.1,78.7,3.993,rain,1004.1,05:25:51,18:21:27,22.3,214.9,26.6,39.5,43.8,10.0,4.7,25.3,292.5,38.5
2025-05-13,30.7,79.1,0.0,None,1004.5,05:25:29,18:21:48,18.4,209.2,26.4,38.2,48.5,9.0,4.1,23.4,271.0,34.6
2025-05-14,31.7,75.0,0.0,rain,1005.4,05:25:08,18:22:09,22.3,206.9,26.3,40.8,65.3,9.0,4.1,21.6,249.1,33.8
2025-05-15,30.6,70.0,0.0,None,1005.6,05:24:47,18:22:30,33.5,228.1,24.4,36.6,65.4,9.0,4.2,20.8,240.0,29.9
2025-05-16,31.7,70.1,0.002,rain,1005.2,05:24:28,18:22:51,25.9,208.5,25.3,38.7,46.9,9.0,4.4,22.5,261.6,37.4
2025-05-17,31.7,75.3,0.0,None,1005.1,05:24:10,18:23:13,17.6,128.7,26.5,40.5,60.6,9.0,4.4,23.4,270.4,33.5
2025-05-18,30.7,76.1,0.2,rain,1005.0,05:23:52,18:23:34,22.3,89.2,25.9,38.2,71.9,9.0,4.6,21.1,245.1,38.9
2025-05-19,30.3,82.8,0.2,rain,1004.2,05:23:36,18:23:56,20.5,73.4,26.7,38.2,69.1,7.0,5.2,15.7,181.6,31.7
2025-05-20,29.2,88.8,35.267,rain,1003.4,05:23:21,18:24:18,19.8,44.7,27.1,36.7,80.1,6.0,4.9,14.3,167.6,32.4
2025-05-21,28.0,97.0,57.432,rain,1004.3,05:23:06,18:24:40,18.4,256.5,27.5,34.9,89.8,6.0,4.6,10.5,123.1,27.7
2025-05-22,28.6,88.8,0.2,rain,1003.6,05:22:53,18:25:02,18.4,219.6,26.5,34.5,76.3,6.0,6.1,14.3,166.5,23.4
2025-05-23,29.6,86.4,0.009,rain,1001.8,05:22:40,18:25:24,14.4,224.0,26.9,37.3,81.8,7.0,6.8,16.6,191.0,40.0
2025-05-24,30.3,79.7,0.404,rain,1001.5,05:22:29,18:25:46,20.5,228.6,26.1,37.6,70.6,9.0,8.6,23.2,268.0,37.1
2025-05-25,30.1,80.4,0.002,rain,1002.0,05:22:18,18:26:08,18.4,232.1,26.2,37.4,74.9,8.0,4.5,17.2,199.1,30.6
2025-05-26,29.1,89.2,0.799,rain,1000.5,05:22:09,18:26:30,13.5,231.2,27.0,36.8,81.6,7.0,4.2,17.4,199.9,29.9
2025-05-27,29.5,85.4,1.031,rain,997.6,05:22:00,18:26:52,14.8,257.7,26.5,36.4,69.5,7.0,6.8,16.5,190.6,25.6
2025-05-28,28.5,97.6,4.193,rain,996.5,05:21:53,18:27:14,12.6,259.3,28.0,36.7,99.1,4.0,6.2,6.6,76.7,30.2
2025-05-29,29.7,88.0,0.8,rain,996.5,05:21:46,18:27:36,16.6,234.6,27.4,38.5,98.8,2.0,4.1,5.1,59.5,34.9
2025-05-30,30.0,81.9,16.97,rain,998.2,05:21:41,18:27:57,22.3,225.5,26.3,36.9,77.2,9.0,4.0,20.8,240.9,40.0
2025-05-31,29.9,82.8,0.019,rain,1000.7,05:21:36,18:28:19,16.6,216.4,26.5,37.4,83.3,7.0,4.1,17.0,196.7,36.4
2025-06-01,32.2,67.1,0.0,None,1002.2,05:21:33,18:28:41,22.3,241.0,24.9,39.4,54.1,9.0,5.0,22.4,261.0,28.8
2025-06-02,31.9,64.1,0.0,None,1002.9,05:21:30,18:29:02,27.7,224.6,24.0,37.7,48.4,9.0,5.3,25.4,293.7,39.2
2025-06-03,31.7,71.9,0.0,None,1003.7,05:21:28,18:29:23,24.1,216.4,25.8,39.7,67.1,9.0,7.3,22.1,255.6,38.5
2025-06-04,32.0,72.5,0.0,None,1004.3,05:21:27,18:29:44,24.1,218.4,26.3,40.8,56.5,9.0,6.9,23.8,277.4,32.0
2025-06-05,31.3,72.6,0.002,rain,1005.6,05:21:27,18:30:04,22.3,222.0,25.5,39.0,51.8,9.0,4.0,24.3,281.7,30.6
2025-06-06,30.5,74.6,0.028,rain,1006.2,05:21:29,18:30:25,28.4,234.6,25.4,37.7,54.5,9.0,4.1,23.3,269.5,33.1
2025-06-07,29.9,74.9,0.003,rain,1005.6,05:21:30,18:30:45,22.3,228.4,24.8,36.0,50.1,9.0,4.2,24.7,284.1,35.3
2025-06-08,30.8,72.6,0.0,None,1003.6,05:21:33,18:31:05,16.6,225.4,25.2,38.0,65.1,9.0,7.4,21.8,252.2,26.6
2025-06-09,32.7,73.6,0.0,rain,1001.0,05:21:37,18:31:24,16.6,219.5,27.1,43.3,53.2,8.0,8.0,22.5,261.5,29.5
2025-06-10,28.3,85.3,2.995,rain,1000.0,05:21:41,18:31:43,35.3,330.3,25.6,33.8,86.3,6.0,4.9,11.7,136.5,28.4
2025-06-11,29.1,79.6,0.0,rain,1000.0,05:21:47,18:32:01,16.6,50.8,25.1,34.4,89.6,7.0,5.1,14.3,166.0,22.3
2025-06-12,29.5,82.2,16.971,rain,1000.8,05:21:53,18:32:20,16.6,109.5,26.1,36.6,78.3,8.0,9.3,21.5,246.3,26.3
2025-06-13,29.8,85.6,0.001,rain,1001.9,05:22:00,18:32:37,14.8,196.1,27.0,38.1,80.4,9.0,3.9,22.1,253.6,33.1
2025-06-14,30.0,78.1,0.008,rain,1001.5,05:22:08,18:32:54,22.3,240.0,25.6,36.9,59.0,8.0,4.4,20.1,234.5,35.3
2025-06-15,29.1,81.5,0.007,rain,1000.5,05:22:16,18:33:11,18.4,236.1,25.5,35.3,74.8,5.0,4.3,10.9,127.2,43.2
2025-06-16,30.6,72.1,0.0,rain,1000.5,05:22:26,18:33:27,27.7,223.4,24.8,36.6,70.1,6.0,4.9,13.4,156.1,42.5
2025-06-17,29.8,76.3,0.408,rain,1002.1,05:22:36,18:33:43,25.9,227.8,25.2,36.0,93.0,8.0,5.1,13.7,158.4,45.0
2025-06-18,31.1,75.2,0.0,None,1001.7,05:22:46,18:33:58,25.9,221.5,26.1,39.1,88.0,7.0,4.5,18.9,217.3,41.0
2025-06-19,30.9,74.3,0.3,rain,1002.0,05:22:58,18:34:12,27.7,221.0,25.7,38.3,86.7,7.0,5.5,12.9,147.5,43.2
2025-06-20,31.5,70.0,0.0,None,1002.7,05:23:10,18:34:26,24.1,224.3,25.1,38.3,84.8,8.0,4.3,19.4,224.7,43.9
2025-06-21,31.8,68.4,0.0,None,1002.3,05:23:22,18:34:39,22.6,232.3,25.1,38.9,55.7,9.0,4.6,23.0,266.6,37.8
2025-06-22,30.3,67.9,0.0,None,1001.6,05:23:36,18:34:52,24.1,250.0,23.6,35.1,78.5,5.0,4.6,12.8,146.6,33.1
2025-06-23,27.4,89.6,9.984,rain,1001.0,05:23:49,18:35:03,18.4,246.2,25.5,30.8,91.1,2.0,4.3,4.5,51.3,36.4
2025-06-24,27.6,86.7,0.399,rain,999.7,05:24:04,18:35:14,20.5,233.3,25.0,30.7,98.0,3.0,4.4,6.7,78.7,53.3
2025-06-25,26.0,93.5,29.557,rain,1000.1,05:24:19,18:35:25,21.2,232.0,24.8,26.0,99.1,2.0,3.3,3.4,39.9,56.5
2025-06-26,27.6,90.9,0.253,rain,1001.5,05:24:34,18:35:34,22.3,235.8,25.9,31.4,95.8,6.0,4.2,11.0,129.1,45.0
2025-06-27,28.4,88.6,0.998,rain,1002.6,05:24:50,18:35:43,18.4,215.5,26.3,33.8,95.4,6.0,4.4,15.2,176.7,39.2
2025-06-28,30.1,78.6,0.0,None,1002.0,05:25:07,18:35:51,22.3,204.9,25.9,37.3,89.6,6.0,4.5,15.4,178.1,34.6
2025-06-29,27.7,85.7,1.002,rain,1001.1,05:25:24,18:35:58,24.1,227.1,25.0,31.5,93.7,5.0,5.2,9.9,113.8,37.4
2025-06-30,27.6,75.9,0.2,rain,1000.3,05:25:41,18:36:04,18.4,224.5,22.9,30.3,90.7,3.0,4.7,6.9,77.1,37.8
2025-07-01,25.8,98.9,25.785,rain,1000.6,05:25:58,18:36:09,22.3,220.9,25.6,26.5,98.8,3.0,4.0,5.1,61.3,58.0
2025-07-02,25.6,99.0,5.022,rain,1000.5,05:26:16,18:36:14,27.0,229.9,25.5,25.6,97.6,2.0,5.0,5.7,66.3,56.9
2025-07-03,27.2,93.3,7.401,rain,1001.8,05:26:35,18:36:17,26.6,231.0,26.0,31.1,100.0,4.0,8.5,6.9,80.8,41.0
2025-07-04,29.7,77.9,0.0,None,1002.3,05:26:53,18:36:20,22.3,220.5,25.1,34.9,93.2,5.0,5.0,11.2,130.4,46.4
2025-07-05,28.9,82.5,0.0,None,1001.7,05:27:12,18:36:21,22.3,224.0,25.5,34.6,90.8,4.0,4.6,11.2,128.0,38.5
2025-07-06,29.5,76.2,0.001,rain,1000.1,05:27:32,18:36:22,27.7,219.9,24.8,34.5,90.5,4.0,4.6,11.3,129.2,51.8
2025-07-07,29.8,69.2,0.0,rain,999.6,05:27:51,18:36:22,33.5,229.4,23.4,34.0,85.3,7.0,5.0,18.7,215.9,61.2
2025-07-08,30.5,61.1,0.0,None,1000.5,05:28:11,18:36:21,30.6,234.2,21.8,33.5,60.8,8.0,4.8,22.7,260.8,45.0
2025-07-09,30.8,60.6,0.0,None,1001.4,05:28:30,18:36:19,27.7,236.2,22.1,34.3,57.6,8.0,5.7,21.2,243.9,42.8
2025-07-10,31.1,63.8,0.0,None,1000.8,05:28:50,18:36:16,25.9,234.9,23.1,35.4,53.0,8.0,5.9,19.9,231.9,37.8
2025-07-11,31.6,66.6,0.0,rain,1000.8,05:29:10,18:36:12,20.5,242.7,24.4,37.6,71.0,9.0,5.1,21.1,245.0,28.8
2025-07-12,31.6,68.9,0.3,rain,1001.4,05:29:31,18:36:06,22.3,229.6,25.0,38.6,68.9,9.0,7.1,20.9,242.1,34.9
2025-07-13,30.7,75.4,3.995,rain,1001.3,05:29:51,18:36:00,27.7,226.4,25.4,37.4,71.7,8.0,4.8,19.4,225.6,24.1
2025-07-14,31.2,73.8,3.993,rain,1001.5,05:30:11,18:35:53,20.5,220.2,25.8,38.9,77.5,8.0,6.1,20.2,233.6,29.5
2025-07-15,31.9,75.8,0.0,rain,1001.2,05:30:31,18:35:45,20.5,204.7,26.8,41.2,75.2,8.0,5.7,21.4,245.7,29.9
2025-07-16,30.2,80.2,0.0,None,1001.9,05:30:52,18:35:36,20.5,208.1,26.3,37.9,68.7,9.0,5.5,21.8,254.8,33.1
2025-07-17,30.1,84.6,10.981,rain,1003.5,05:31:12,18:35:26,18.4,207.7,27.0,38.5,74.8,9.0,5.7,23.5,272.8,30.6
2025-07-18,30.1,83.9,4.991,rain,1003.1,05:31:32,18:35:15,18.4,163.3,26.8,38.3,65.4,9.0,5.7,23.3,268.6,25.9
2025-07-19,30.2,80.5,0.074,rain,1000.2,05:31:53,18:35:02,22.3,213.3,26.3,37.7,57.3,9.0,5.5,23.5,270.6,30.2
2025-07-20,29.7,85.0,0.604,rain,999.2,05:32:13,18:34:49,16.6,141.9,26.7,37.3,82.1,8.0,4.9,19.2,222.7,23.8
2025-07-21,28.6,89.3,26.987,rain,999.9,05:32:33,18:34:35,20.5,218.5,26.6,34.9,82.2,7.0,4.3,18.9,218.8,29.5
2025-07-22,29.2,85.9,0.998,rain,999.5,05:32:53,18:34:19,18.4,225.1,26.4,35.1,71.2,7.0,4.2,17.7,205.1,29.5
2025-07-23,29.0,86.8,0.401,rain,997.3,05:33:13,18:34:03,19.1,233.4,26.5,35.7,92.2,6.0,6.4,11.4,134.7,35.6
2025-07-24,27.7,88.4,0.399,rain,996.1,05:33:33,18:33:46,22.3,225.3,25.6,31.5,94.4,5.0,4.4,9.3,104.5,48.6
2025-07-25,27.5,85.1,0.1,rain,996.8,05:33:52,18:33:27,29.5,225.3,24.8,30.9,96.8,2.0,5.5,6.0,70.5,47.9
2025-07-26,28.3,84.5,0.414,rain,998.6,05:34:12,18:33:08,33.5,223.2,25.3,32.3,94.8,8.0,5.5,15.7,182.9,63.0
2025-07-27,30.9,67.8,0.0,None,1001.0,05:34:31,18:32:47,27.8,237.7,24.0,36.0,57.1,9.0,5.9,22.2,255.3,49.3
2025-07-28,31.6,64.9,0.0,None,1001.3,05:34:50,18:32:26,24.1,243.8,23.9,36.9,54.3,8.0,5.0,22.2,257.7,35.3
2025-07-29,31.1,63.1,0.0,None,1001.0,05:35:08,18:32:04,25.9,239.0,23.0,35.5,81.8,6.0,10.4,14.0,161.7,37.1
2025-07-30,30.9,68.2,0.0,None,1001.7,05:35:27,18:31:40,24.1,223.9,24.1,36.4,54.4,8.0,4.9,19.7,226.3,35.3
2025-07-31,30.8,72.6,0.0,None,1002.6,05:35:45,18:31:16,22.3,236.6,25.0,37.1,72.1,8.0,5.0,19.5,227.7,35.3
2025-08-01,31.4,74.1,0.0,rain,1002.5,05:36:03,18:30:51,20.5,220.8,25.9,39.1,64.6,9.0,4.5,22.0,253.7,26.6
2025-08-02,31.1,75.9,0.0,None,1003.0,05:36:21,18:30:24,20.5,213.2,26.0,38.8,62.7,8.0,4.3,22.4,258.8,27.4
2025-08-03,31.0,77.2,0.0,None,1004.7,05:36:39,18:29:57,20.5,224.3,26.3,39.0,46.2,9.0,4.3,23.5,268.6,32.4
2025-08-04,31.2,77.9,0.0,None,1005.9,05:36:56,18:29:29,19.0,206.0,26.7,40.0,51.9,9.0,5.0,23.0,267.4,28.8
2025-08-05,30.9,78.7,0.001,rain,1005.9,05:37:13,18:29:00,20.5,202.7,26.5,39.1,52.0,9.0,4.8,23.3,269.2,28.4
2025-08-06,31.0,76.8,0.0,None,1005.3,05:37:30,18:28:30,18.4,196.6,26.0,38.5,46.9,9.0,4.4,23.6,273.1,32.8
2025-08-07,30.2,78.1,0.002,rain,1004.9,05:37:46,18:27:59,27.8,236.0,25.8,37.3,61.2,9.0,5.0,21.6,250.8,39.6
2025-08-08,29.9,76.9,0.022,rain,1006.2,05:38:02,18:27:27,20.5,223.1,25.3,36.1,70.3,5.0,4.9,9.5,108.2,25.2
2025-08-09,29.6,79.8,0.2,rain,1007.6,05:38:18,18:26:55,22.3,152.8,25.7,35.9,71.3,8.0,5.3,18.8,218.4,27.4
2025-08-10,29.7,79.6,0.0,rain,1006.1,05:38:34,18:26:21,22.3,225.0,25.6,35.8,56.9,8.0,4.5,20.6,238.0,40.7
2025-08-11,30.2,76.1,0.0,rain,1004.5,05:38:49,18:25:47,20.5,221.5,25.2,36.3,43.9,9.0,3.9,23.1,269.0,29.9
2025-08-12,29.8,74.9,0.0,rain,1001.9,05:39:04,18:25:12,22.3,182.2,24.5,34.4,57.6,8.0,4.4,22.2,258.6,24.1
2025-08-13,29.4,80.1,5.172,rain,1000.7,05:39:19,18:24:36,24.1,27.5,25.3,34.5,76.1,8.0,5.8,20.5,237.9,33.8
2025-08-14,28.7,85.0,0.0,rain,1001.3,05:39:33,18:23:59,27.7,215.8,25.8,33.8,78.3,5.0,4.2,13.9,162.4,39.2
2025-08-15,29.4,78.8,0.0,rain,999.9,05:39:47,18:23:22,24.1,221.6,25.2,35.1,62.1,8.0,4.2,19.7,227.1,37.8
2025-08-16,28.5,89.0,10.984,rain,998.5,05:40:01,18:22:43,20.5,236.6,26.3,33.9,81.0,7.0,3.5,13.8,159.3,32.8
2025-08-17,26.1,99.6,93.838,rain,998.6,05:40:14,18:22:04,14.8,256.8,26.0,27.4,94.2,4.0,3.1,9.9,116.6,20.2
2025-08-18,26.1,96.6,34.945,rain,998.9,05:40:27,18:21:25,22.3,237.1,25.5,27.8,93.1,2.0,3.7,3.4,40.3,46.1
2025-08-19,27.9,83.8,0.799,rain,1000.2,05:40:40,18:20:44,25.9,221.4,24.7,31.0,81.7,5.0,5.3,13.3,153.6,56.5
2025-08-20,29.0,77.1,0.0,rain,1003.2,05:40:53,18:20:03,31.7,222.4,24.5,33.7,68.9,7.0,5.2,18.4,212.2,49.0
2025-08-21,29.8,80.5,0.0,None,1005.6,05:41:05,18:19:22,22.3,209.2,26.0,36.9,72.0,5.0,4.2,14.1,162.9,36.7
2025-08-22,30.6,74.5,0.0,None,1004.5,05:41:17,18:18:40,23.4,217.9,25.3,37.1,79.4,8.0,4.2,15.6,176.4,45.7
2025-08-23,30.6,69.8,0.0,None,1003.7,05:41:29,18:17:57,25.9,224.1,24.3,36.1,74.6,8.0,4.2,18.3,208.8,43.9
2025-08-24,30.2,71.8,0.0,None,1004.5,05:41:40,18:17:13,20.5,229.6,24.3,35.5,82.2,7.0,5.9,14.5,165.9,38.5
2025-08-25,28.1,84.3,3.8,rain,1004.8,05:41:51,18:16:29,13.0,240.4,25.1,32.4,95.6,5.0,15.7,10.6,122.5,35.3
2025-08-26,26.1,91.8,42.1,rain,1004.1,05:42:02,18:15:44,21.2,238.4,24.7,27.6,99.0,3.0,6.9,5.1,60.5,48.2
2025-08-27,26.4,90.7,35.4,rain,1002.0,05:42:13,18:14:59,19.8,239.3,24.7,28.2,93.7,7.0,12.9,9.8,111.9,46.1
2025-08-28,27.8,84.2,4.0,rain,1002.2,05:42:24,18:14:14,24.1,231.1,24.8,31.0,81.5,7.0,16.9,16.9,194.2,43.6
2025-08-29,28.2,85.2,2.3,rain,1004.4,05:42:34,18:13:28,25.2,222.0,25.5,33.1,81.7,6.0,17.4,17.0,194.9,44.6
2025-08-30,28.8,84.0,1.5,rain,1005.7,05:42:44,18:12:41,20.9,223.9,25.8,34.5,90.1,8.0,23.2,19.8,227.9,36.0
2025-08-31,29.0,84.8,1.5,rain,1004.3,05:42:54,18:11:54,13.7,235.7,26.2,35.6,82.1,6.0,23.0,14.8,170.2,24.8
2025-09-01,28.9,86.0,11.3,rain,1001.3,05:43:03,18:11:06,10.4,259.7,26.2,35.0,88.0,7.0,19.6,18.1,210.5,20.5
2025-09-02,28.6,84.9,5.5,rain,1000.1,05:43:13,18:10:19,11.5,251.7,25.7,34.2,97.2,7.0,17.8,13.8,159.1,35.3
2025-09-03,28.3,88.5,16.0,rain,1000.5,05:43:22,18:09:30,9.0,244.5,26.1,33.8,95.2,5.0,15.8,9.5,110.1,30.2
2025-09-04,29.1,83.2,0.0,None,1002.8,05:43:31,18:08:42,17.6,231.5,25.9,35.2,90.1,8.0,17.0,19.2,222.6,31.7
2025-09-05,29.4,82.3,0.3,rain,1005.2,05:43:40,18:07:53,17.3,228.5,26.0,36.2,71.7,9.0,16.7,22.1,255.9,31.0
2025-09-06,29.4,82.2,0.1,rain,1006.2,05:43:49,18:07:04,14.4,234.6,26.0,36.1,50.6,9.0,17.4,22.2,257.2,28.1
2025-09-07,29.0,84.9,3.2,rain,1006.0,05:43:58,18:06:14,11.5,238.7,26.1,35.2,85.7,8.0,13.8,18.7,215.9,20.9
2025-09-08,28.7,86.7,4.5,rain,1005.8,05:44:06,18:05:24,13.3,209.7,26.2,34.8,73.6,8.0,16.9,19.5,225.2,25.6
2025-09-09,28.9,86.8,6.1,rain,1006.5,05:44:15,18:04:34,9.7,192.5,26.4,35.4,51.8,8.0,17.2,19.4,223.6,25.2
2025-09-10,28.7,85.1,4.7,rain,1006.0,05:44:23,18:03:44,12.6,232.8,25.9,34.7,60.7,7.0,16.7,16.7,194.2,26.6
2025-09-11,29.1,84.1,4.9,rain,1005.0,05:44:32,18:02:54,9.4,226.7,26.1,35.5,81.8,9.0,17.3,18.1,209.4,21.6
2025-09-12,27.6,88.7,6.4,rain,1005.3,05:44:40,18:02:03,11.9,33.8,25.5,31.7,90.0,6.0,13.9,14.2,164.6,25.9
2025-09-13,28.1,85.8,5.4,rain,1006.1,05:44:48,18:01:12,13.7,73.6,25.4,32.7,73.4,8.0,16.8,19.0,221.3,27.0
2025-09-14,28.9,82.2,2.6,rain,1007.1,05:44:56,18:00:21,18.4,217.9,25.5,34.2,72.2,8.0,17.4,19.5,227.5,33.1
2025-09-15,28.5,84.3,5.2,rain,1006.7,05:45:05,17:59:30,21.2,227.4,25.6,34.2,94.8,7.0,18.1,16.7,193.0,38.9
2025-09-16,28.0,86.7,10.6,rain,1007.1,05:45:13,17:58:39,22.0,223.8,25.5,32.5,89.6,8.0,17.2,16.6,191.8,35.3
2025-09-17,28.8,82.2,0.9,rain,1007.5,05:45:21,17:57:48,17.6,209.5,25.4,34.2,69.6,8.0,17.4,19.5,225.2,32.4
2025-09-18,29.3,79.8,0.8,rain,1007.4,05:45:29,17:56:57,12.6,212.4,25.4,35.0,43.0,9.0,17.4,22.1,257.7,25.9
2025-09-19,29.8,78.9,0.6,rain,1007.1,05:45:38,17:56:06,11.9,225.2,25.6,36.3,34.9,9.0,17.4,23.0,265.6,25.6
2025-09-20,29.7,80.6,3.5,rain,1005.6,05:45:46,17:55:15,11.2,243.5,25.9,36.6,62.9,8.0,17.4,20.5,238.9,22.0
2025-09-21,29.1,79.5,0.7,rain,1004.4,05:45:55,17:54:24,14.6,273.3,25.2,34.5,80.7,9.0,17.4,20.2,236.0,24.5
2025-09-22,28.8,81.1,0.1,rain,1004.7,05:46:03,17:53:33,11.2,238.7,25.2,34.1,89.2,6.0,16.5,14.5,167.2,24.5
2025-09-23,28.3,85.6,4.2,rain,1004.1,05:46:12,17:52:42,11.9,243.1,25.6,33.3,96.0,5.0,17.3,10.9,125.6,24.8
2025-09-24,28.6,80.5,6.9,rain,1001.4,05:46:21,17:51:51,15.5,254.2,24.8,33.0,83.4,8.0,17.4,15.2,174.7,28.8
2025-09-25,28.0,82.2,11.7,rain,1000.7,05:46:30,17:51:01,18.0,255.5,24.6,31.7,82.8,3.0,15.6,6.9,80.1,41.8
2025-09-26,27.6,88.5,10.3,rain,1001.1,05:46:39,17:50:10,14.0,266.9,25.4,31.2,92.0,6.0,12.1,12.7,147.3,26.6
2025-09-27,28.1,86.6,3.8,rain,1002.4,05:46:48,17:49:20,19.8,226.0,25.6,32.5,96.9,6.0,15.6,13.0,150.3,38.2
2025-09-28,28.7,78.7,0.8,rain,1005.0,05:46:57,17:48:30,16.9,229.2,24.6,33.1,54.7,9.0,17.4,19.5,225.8,31.7
2025-09-29,28.6,81.8,8.4,rain,1004.3,05:47:07,17:47:40,11.9,248.3,25.1,33.6,79.3,8.0,14.1,17.8,205.6,24.5
2025-09-30,28.4,86.0,6.3,rain,1002.9,05:47:17,17:46:51,9.3,47.5,25.7,33.4,92.0,6.0,13.9,11.5,134.9,28.1
2025-10-01,27.9,86.2,32.2,rain,1001.5,05:47:27,17:46:01,16.6,344.0,25.3,31.6,94.5,6.0,12.7,13.5,156.6,34.2
2025-10-02,27.1,88.7,42.5,rain,1001.4,05:47:38,17:45:12,27.0,250.3,25.0,29.7,99.7,3.0,10.2,5.2,60.4,54.7
2025-10-03,29.5,81.3,0.2,rain,1005.6,05:47:48,17:44:24,24.1,229.1,25.9,35.9,89.5,7.0,15.9,17.6,205.5,40.0
2025-10-04,29.1,83.5,1.5,rain,1008.1,05:47:59,17:43:36,20.5,235.5,26.0,35.7,85.8,8.0,16.4,15.4,180.1,40.0
2025-10-05,28.7,83.4,2.5,rain,1008.8,05:48:10,17:42:48,19.4,231.5,25.6,34.4,74.2,7.0,16.8,17.9,205.5,33.5
2025-10-06,28.1,83.9,2.7,rain,1009.3,05:48:22,17:42:00,11.9,230.7,25.0,32.2,55.8,8.0,17.3,20.2,232.8,24.1
2025-10-07,28.4,84.1,1.3,rain,1009.5,05:48:34,17:41:13,12.6,223.5,25.4,33.4,65.4,8.0,16.4,16.9,196.2,23.0
2025-10-08,28.3,84.4,7.6,rain,1009.8,05:48:46,17:40:27,14.4,222.9,25.4,33.1,70.0,8.0,16.8,18.4,214.5,30.2
2025-10-09,28.1,84.2,4.7,rain,1010.3,05:48:59,17:39:41,7.6,250.5,25.1,31.9,75.8,8.0,16.7,19.6,227.9,21.2
2025-10-10,28.2,83.3,2.6,rain,1009.2,05:49:12,17:38:55,7.9,81.9,25.0,32.0,86.7,8.0,15.8,17.9,207.2,22.0
2025-10-11,28.0,85.2,2.1,rain,1009.2,05:49:25,17:38:10,14.6,48.7,25.2,32.1,57.2,8.0,15.9,18.8,216.4,21.6
2025-10-12,28.4,82.8,2.2,rain,1009.1,05:49:39,17:37:26,14.4,55.1,25.1,32.2,43.5,8.0,14.9,19.8,228.1,26.3
2025-10-13,26.6,89.4,17.6,rain,1009.9,05:49:53,17:36:42,18.1,35.5,24.6,28.0,90.8,5.0,16.9,8.4,97.9,32.0
2025-10-14,27.8,82.0,2.4,rain,1009.2,05:50:08,17:35:59,18.4,47.7,24.3,31.0,40.2,7.0,16.6,17.4,200.7,33.5
2025-10-15,28.5,75.1,0.0,None,1009.0,05:50:23,17:35:17,22.1,45.7,23.5,31.4,25.4,9.0,17.3,21.6,248.3,33.1
2025-10-16,28.5,76.8,0.0,None,1009.4,05:50:38,17:34:35,17.6,46.1,23.9,32.0,15.3,9.0,17.4,21.2,246.6,34.6
2025-10-17,28.7,76.9,0.2,rain,1010.8,05:50:54,17:33:54,19.8,51.0,24.1,32.3,57.6,8.0,17.3,19.5,226.0,34.9
2025-10-18,27.8,81.0,8.1,rain,1010.2,05:51:11,17:33:13,17.3,55.5,24.1,30.8,66.0,7.0,17.2,16.8,195.3,31.3
2025-10-19,27.0,87.4,22.7,rain,1009.3,05:51:28,17:32:34,11.0,50.9,24.7,29.2,90.0,5.0,16.1,9.9,116.5,19.8
2025-10-20,27.7,84.7,2.3,rain,1009.4,05:51:45,17:31:55,16.2,45.8,24.7,31.0,56.2,8.0,18.7,17.7,205.8,33.8
2025-10-21,28.0,84.2,7.2,rain,1009.7,05:52:03,17:31:17,23.0,47.2,25.0,31.8,41.5,8.0,16.8,16.9,196.5,43.6
2025-10-22,27.5,87.3,7.4,rain,1010.4,05:52:22,17:30:40,23.8,50.2,25.2,30.5,62.1,7.0,16.1,17.4,201.5,46.1
2025-10-23,26.9,89.7,11.8,rain,1010.4,05:52:41,17:30:03,20.9,55.9,25.0,29.0,86.0,6.0,14.9,13.1,151.3,36.7
2025-10-24,27.3,87.1,5.9,rain,1010.2,05:53:00,17:29:28,16.9,51.9,24.9,30.5,61.4,6.0,17.0,14.4,167.4,35.6
2025-10-25,28.1,82.0,4.3,rain,1009.8,05:53:20,17:28:53,15.8,50.0,24.6,31.5,33.1,8.0,17.4,18.9,217.5,28.8
2025-10-26,28.0,81.6,1.5,rain,1009.9,05:53:41,17:28:19,18.0,37.9,24.5,31.3,58.7,8.0,18.1,18.1,209.5,36.4
2025-10-27,26.5,89.0,21.2,rain,1007.9,05:54:02,17:27:47,30.2,36.0,24.5,28.0,96.1,4.0,9.5,6.2,73.2,56.2
2025-10-28,27.0,91.9,26.4,rain,1004.3,05:54:24,17:27:15,40.3,73.6,25.5,29.5,94.4,3.0,7.6,6.7,75.9,75.6
2025-10-29,26.5,84.7,5.0,rain,1005.9,05:54:46,17:26:44,33.5,187.9,23.7,28.2,84.7,4.0,12.8,8.2,94.9,63.0
2025-10-30,27.0,87.1,5.5,rain,1009.1,05:55:09,17:26:14,21.6,219.8,24.6,29.9,58.6,6.0,17.0,12.0,138.5,39.2
2025-10-31,28.1,81.6,0.0,None,1010.2,05:55:33,17:25:45,19.8,231.3,24.6,31.6,25.3,8.0,17.4,20.0,231.1,34.2
2025-11-01,28.1,79.0,0.0,None,1009.9,05:55:57,17:25:18,11.2,241.3,23.9,31.2,24.9,8.0,18.2,20.0,232.0,19.4
2025-11-02,28.8,80.6,0.1,rain,1009.8,05:56:21,17:24:51,14.6,235.4,24.9,33.2,72.3,7.0,17.2,16.8,197.1,15.5
2025-11-03,28.7,83.0,1.4,rain,1009.4,05:56:47,17:24:25,9.2,56.2,25.4,33.7,71.7,7.0,17.1,17.6,203.5,21.2
2025-11-04,27.8,83.5,1.1,rain,1009.4,05:57:12,17:24:01,9.0,118.7,24.7,31.2,54.3,7.0,17.2,16.9,195.0,20.5
2025-11-05,27.9,82.2,0.6,rain,1008.6,05:57:39,17:23:37,9.0,224.5,24.6,31.3,29.7,8.0,17.4,17.9,206.6,22.3
2025-11-06,28.0,80.7,0.0,None,1009.5,05:58:06,17:23:15,7.6,226.4,24.2,30.8,34.7,7.0,17.2,17.3,201.1,17.6
2025-11-07,27.6,75.5,0.1,rain,1011.2,05:58:33,17:22:54,13.0,34.3,22.7,29.3,37.4,7.0,17.1,17.5,204.7,24.5
2025-11-08,27.3,69.7,0.2,rain,1012.2,05:59:01,17:22:34,14.0,36.1,21.0,28.3,35.9,8.0,18.2,19.4,223.8,27.0
2025-11-09,26.8,67.8,0.0,None,1011.8,05:59:30,17:22:15,15.1,40.8,20.0,27.3,14.3,8.0,18.2,19.5,227.8,26.3
2025-11-10,26.2,73.8,0.0,rain,1012.1,05:59:59,17:21:57,13.0,49.3,21.0,26.9,13.4,8.0,17.4,18.4,212.6,22.7
2025-11-11,26.2,75.2,0.0,rain,1012.6,06:00:29,17:21:41,11.9,61.0,21.3,27.1,24.0,8.0,17.3,18.3,213.0,22.0
2025-11-12,26.1,71.9,0.0,None,1013.7,06:00:59,17:21:26,14.4,52.2,20.4,26.6,26.0,8.0,17.3,18.3,212.5,25.9
2025-11-13,24.6,62.0,0.0,None,1014.9,06:01:29,17:21:12,15.8,41.0,16.3,24.5,15.6,8.0,17.4,20.1,234.0,28.8
2025-11-14,24.0,65.7,0.0,None,1014.8,06:02:00,17:20:59,14.6,41.0,16.9,24.0,13.0,8.0,17.4,20.0,234.2,26.3
2025-11-15,24.1,65.4,0.0,None,1015.5,06:02:32,17:20:48,15.8,34.0,16.9,24.2,15.8,8.0,17.4,19.4,224.6,29.5
2025-11-16,24.3,62.9,0.0,None,1016.1,06:03:04,17:20:37,20.2,40.3,16.5,24.3,30.7,8.0,17.4,19.8,229.1,36.0
2025-11-17,24.4,61.0,0.0,None,1015.7,06:03:37,17:20:28,22.3,36.2,16.1,24.4,39.0,8.0,17.4,19.4,226.0,40.3
2025-11-18,24.3,62.3,0.0,None,1014.0,06:04:09,17:20:21,18.7,40.5,16.5,24.4,30.9,8.0,17.4,19.6,227.5,33.8
2025-11-19,24.5,66.6,0.0,None,1014.0,06:04:43,17:20:14,18.0,29.9,17.6,24.6,10.6,8.0,17.4,19.8,229.0,33.5
2025-11-20,26.3,71.1,0.0,None,1014.2,06:05:16,17:20:09,17.6,33.2,20.6,27.9,35.5,8.0,17.4,18.2,211.1,32.0
2025-11-21,27.1,77.7,0.2,rain,1015.7,06:05:51,17:20:05,22.0,46.3,22.8,28.9,35.7,7.0,17.4,15.6,180.9,39.6
2025-11-22,26.7,82.4,0.4,rain,1015.3,06:06:25,17:20:02,16.2,51.4,23.4,28.3,33.7,7.0,17.4,17.8,206.8,30.2
2025-11-23,26.6,81.7,0.0,rain,1015.1,06:07:00,17:20:01,16.2,58.2,23.1,27.9,79.8,7.0,17.4,15.4,178.2,29.5
2025-11-24,26.4,77.6,0.0,rain,1015.5,06:07:35,17:20:01,17.6,51.9,22.1,27.2,58.4,7.0,17.1,15.2,176.5,32.0
2025-11-25,25.4,73.5,0.0,None,1015.4,06:08:10,17:20:02,17.3,50.5,20.2,25.7,26.6,8.0,16.9,18.4,214.1,33.5
2025-11-26,24.8,75.7,0.0,None,1015.5,06:08:45,17:20:04,18.4,51.8,20.1,25.1,39.5,8.0,16.7,18.2,211.1,33.8
2025-11-27,24.3,70.0,0.0,None,1015.6,06:09:21,17:20:08,19.4,48.6,18.3,24.5,20.6,8.0,16.8,18.3,212.7,35.6
2025-11-28,24.2,65.1,0.0,None,1014.2,06:09:57,17:20:13,18.0,35.3,17.1,24.3,29.2,7.0,17.1,17.4,200.7,33.8
2025-11-29,24.9,75.9,0.5,rain,1013.0,06:10:33,17:20:19,22.7,44.1,20.3,25.3,59.2,6.0,17.1,13.8,158.4,38.5
2025-11-30,25.1,78.6,0.6,rain,1012.8,06:11:09,17:20:27,21.2,49.9,21.1,25.3,87.5,6.0,16.8,13.3,152.8,39.2
2025-12-01,23.8,79.0,4.3,rain,1013.3,06:11:45,17:20:35,20.2,43.4,19.8,23.8,97.6,5.0,15.6,8.0,91.6,38.5
2025-12-02,24.1,76.3,3.6,rain,1013.2,06:12:21,17:20:45,18.0,42.1,19.6,24.1,96.1,6.0,17.1,10.4,120.1,33.8
2025-12-03,24.9,78.1,1.3,rain,1014.5,06:12:58,17:20:56,19.8,40.1,20.8,25.3,93.6,6.0,17.7,13.2,152.6,33.5
2025-12-04,25.1,74.5,0.0,None,1015.7,06:13:34,17:21:09,18.0,46.2,20.1,25.4,65.6,7.0,16.8,16.3,189.1,32.0
2025-12-05,24.2,71.5,0.0,None,1016.8,06:14:10,17:21:22,19.8,46.5,18.6,24.3,41.8,7.0,16.7,17.6,202.7,36.0
2025-12-06,23.5,70.0,0.0,None,1016.9,06:14:46,17:21:37,16.6,44.0,17.5,23.6,37.2,8.0,17.0,17.9,208.1,31.0
2025-12-07,23.0,70.7,0.0,None,1016.7,06:15:22,17:21:52,16.2,43.8,17.1,23.0,54.6,8.0,17.2,18.2,209.5,30.6
2025-12-08,22.8,71.4,0.0,None,1015.9,06:15:58,17:22:09,14.8,42.4,17.0,22.9,54.2,8.0,17.4,18.4,212.2,28.1
2025-12-09,23.1,69.2,0.0,None,1015.1,06:16:34,17:22:27,16.9,42.8,16.6,23.1,75.6,8.0,17.3,17.9,206.6,31.3
2025-12-10,23.2,68.9,0.0,None,1015.9,06:17:09,17:22:46,18.7,41.7,16.8,23.2,50.8,8.0,17.3,18.3,210.4,34.2
2025-12-11,22.7,65.9,0.0,None,1015.1,06:17:44,17:23:06,15.5,46.7,15.5,22.7,13.9,8.0,17.4,18.6,215.8,30.2
2025-12-12,22.4,65.1,0.0,None,1014.5,06:18:19,17:23:28,13.0,34.1,15.0,22.4,9.3,8.0,17.4,18.6,214.2,26.3
2025-12-13,22.4,70.2,0.0,None,1014.9,06:18:54,17:23:50,14.0,44.8,16.4,22.5,4.5,8.0,18.3,18.2,210.2,28.4
2025-12-14,23.0,73.9,0.0,None,1015.5,06:19:28,17:24:13,14.8,45.0,17.8,23.0,26.4,8.0,17.0,18.1,208.4,29.9
2025-12-15,23.0,74.9,0.0,None,1015.7,06:20:01,17:24:37,14.0,47.4,18.0,23.1,10.5,8.0,16.7,18.0,206.9,28.1
2025-12-16,23.0,77.6,0.0,None,1015.4,06:20:35,17:25:02,14.8,44.2,18.7,23.2,12.0,8.0,16.7,18.1,209.0,28.4
2025-12-17,22.9,81.1,0.0,None,1016.2,06:21:07,17:25:28,10.8,56.8,19.3,23.1,10.3,8.0,16.7,18.1,207.6,22.7
2025-12-18,22.5,78.8,0.0,None,1015.6,06:21:40,17:25:55,12.6,61.5,18.3,22.6,11.2,8.0,16.7,18.0,207.2,25.6
2025-12-19,22.4,74.2,0.0,None,1014.1,06:22:11,17:26:23,10.4,60.9,17.2,22.4,7.7,7.0,16.7,16.9,195.9,21.2
2025-12-20,22.0,72.0,0.0,None,1013.0,06:22:42,17:26:51,11.2,43.8,16.4,22.0,9.0,8.0,16.7,18.1,208.8,23.4
2025-12-21,22.6,76.2,0.0,None,1014.3,06:23:13,17:27:20,15.8,44.2,18.0,22.6,13.7,7.0,16.7,16.1,185.6,31.3
2025-12-22,22.6,75.5,0.0,None,1014.3,06:23:43,17:27:50,14.8,44.5,17.9,22.6,27.0,7.0,16.7,15.6,178.3,30.2
2025-12-23,22.2,76.6,0.0,None,1013.6,06:24:12,17:28:21,11.5,47.3,17.7,22.2,66.6,8.0,16.7,17.5,203.5,25.6
2025-12-24,22.4,76.5,0.0,None,1013.7,06:24:40,17:28:52,13.3,43.4,17.8,22.4,21.7,8.0,16.7,18.1,207.6,26.3
2025-12-25,22.5,77.2,0.0,None,1014.6,06:25:08,17:29:25,14.4,45.9,18.1,22.6,15.9,7.0,16.7,16.8,193.6,28.4
2025-12-26,22.6,77.6,0.0,None,1014.5,06:25:35,17:29:57,14.4,48.8,18.3,22.7,21.6,7.0,16.7,15.6,180.4,27.7
2025-12-27,22.6,78.5,0.0,None,1014.7,06:26:01,17:30:30,12.2,58.8,18.5,22.7,14.2,7.0,16.7,16.8,194.6,25.9
2025-12-28,22.4,77.6,0.0,None,1015.2,06:26:26,17:31:04,10.8,59.0,18.1,22.5,9.3,8.0,16.7,18.0,208.5,24.5
2025-12-29,22.3,77.8,0.0,None,1015.0,06:26:50,17:31:39,14.0,50.4,18.1,22.4,27.5,8.0,16.7,17.6,205.0,27.7
2025-12-30,22.6,80.8,0.0,None,1013.9,06:27:14,17:32:13,14.0,56.1,19.0,22.7,21.9,7.0,17.6,17.3,200.9,27.0
2025-12-31,23.1,82.3,0.0,None,1012.3,06:27:36,17:32:49,14.8,65.8,19.8,23.2,15.5,7.0,16.6,17.2,199.1,27.4
2026-01-01,23.3,83.7,0.0,None,1012.9,06:27:58,17:33:24,15.1,70.2,20.3,23.4,19.9,7.0,16.6,16.8,193.8,29.9
2026-01-02,23.4,82.8,0.0,None,1014.9,06:28:18,17:34:00,14.8,58.9,20.2,23.6,21.6,8.0,16.7,17.6,203.5,30.6
2026-01-03,23.2,81.4,0.0,None,1016.0,06:28:38,17:34:37,12.6,50.2,19.6,23.3,18.3,8.0,16.7,17.2,198.7,23.4
2026-01-04,22.7,81.8,0.0,None,1016.7,06:28:56,17:35:13,11.5,58.2,19.3,22.8,10.3,8.0,17.7,16.8,193.3,26.3
2026-01-05,23.2,81.9,0.4,rain,1017.1,06:29:14,17:35:50,14.0,53.8,19.8,23.3,14.1,7.0,16.7,16.3,188.5,27.7
2026-01-06,23.0,77.9,0.4,rain,1017.6,06:29:30,17:36:27,19.4,51.2,18.8,23.1,26.5,8.0,16.7,18.2,211.8,38.5
2026-01-07,22.1,72.2,0.0,None,1018.4,06:29:45,17:37:04,20.2,54.3,16.6,22.1,14.6,8.0,16.9,19.0,220.7,35.6
2026-01-08,22.0,66.1,0.0,None,1018.5,06:29:59,17:37:42,20.9,46.0,15.1,22.1,20.3,8.0,17.2,19.0,221.5,36.4
2026-01-09,21.8,61.1,0.0,None,1017.5,06:30:12,17:38:19,19.8,45.6,13.7,21.8,51.6,8.0,17.3,18.2,209.7,36.4
2026-01-10,22.6,55.8,0.0,None,1016.8,06:30:24,17:38:57,16.9,41.4,12.8,22.6,86.1,5.0,17.4,9.2,104.3,31.0
2026-01-11,23.5,54.1,0.2,rain,1018.1,06:30:35,17:39:34,17.6,35.3,13.4,23.5,79.5,6.0,17.4,10.1,115.8,35.6
2026-01-12,23.7,58.0,0.0,None,1018.9,06:30:44,17:40:12,20.9,51.8,14.8,23.7,41.1,7.0,17.4,17.5,203.3,37.8
2026-01-13,23.3,66.1,0.0,None,1017.7,06:30:53,17:40:49,14.0,55.3,16.3,23.4,25.4,8.0,17.4,18.8,217.6,27.7
2026-01-14,22.5,77.0,0.0,None,1015.5,06:31:00,17:41:27,15.5,178.3,18.1,22.6,5.7,8.0,17.5,18.8,217.5,27.4
2026-01-15,23.1,80.3,0.0,None,1014.7,06:31:06,17:42:04,15.1,113.9,19.3,23.2,5.2,8.0,16.7,18.4,212.3,28.8
2026-01-16,22.9,76.7,0.0,None,1014.8,06:31:10,17:42:42,13.0,64.0,18.3,23.0,6.9,8.0,16.7,19.4,223.8,27.0
2026-01-17,22.2,71.8,0.0,None,1013.3,06:31:14,17:43:19,10.8,94.9,16.6,22.3,1.1,8.0,17.2,19.7,228.2,23.8
2026-01-18,22.0,76.3,0.0,None,1012.2,06:31:16,17:43:56,12.6,145.1,17.4,22.1,0.5,8.0,16.7,19.3,224.5,25.6
2026-01-19,22.3,79.1,0.0,None,1013.4,06:31:17,17:44:33,13.3,130.4,18.3,22.4,2.1,8.0,17.6,19.3,224.4,24.1
2026-01-20,22.4,78.6,0.0,None,1014.1,06:31:17,17:45:09,16.6,56.2,18.2,22.5,0.2,8.0,16.8,19.7,226.7,28.1
2026-01-21,23.0,65.7,0.0,None,1015.4,06:31:16,17:45:46,14.4,40.8,15.7,23.0,1.0,8.0,17.9,20.0,232.0,28.4
2026-01-22,23.2,70.6,0.0,None,1016.0,06:31:13,17:46:22,13.0,46.2,17.3,23.3,12.1,8.0,17.0,19.6,227.5,26.6
2026-01-23,23.5,76.0,0.0,None,1017.2,06:31:09,17:46:57,19.4,51.7,18.9,23.7,17.7,7.0,17.8,18.6,214.9,38.2
2026-01-24,24.4,72.5,0.0,None,1017.7,06:31:04,17:47:33,17.3,38.1,18.8,24.5,49.7,7.0,17.1,12.8,149.8,31.0
2026-01-25,24.2,70.5,0.0,None,1016.5,06:30:58,17:48:08,15.5,52.1,17.8,24.1,19.0,8.0,17.2,18.5,214.4,28.8
2026-01-26,23.7,69.0,0.0,None,1017.6,06:30:50,17:48:42,13.3,52.0,17.2,23.8,4.8,8.0,17.4,20.1,232.4,26.3
2026-01-27,23.5,73.0,0.0,None,1018.2,06:30:41,17:49:17,12.2,68.9,18.1,23.7,12.8,8.0,16.9,20.0,231.5,25.6
2026-01-28,23.3,78.2,0.0,None,1016.7,06:30:31,17:49:50,13.3,115.0,19.2,23.6,10.0,8.0,16.7,19.3,225.3,28.4
2026-01-29,23.8,80.2,0.0,None,1016.0,06:30:20,17:50:24,12.6,91.2,20.0,24.1,8.3,8.0,17.7,19.8,228.6,28.8
2026-01-30,23.9,78.5,0.0,None,1016.9,06:30:08,17:50:57,14.0,54.4,19.7,24.2,12.1,8.0,16.8,19.6,227.6,28.4
2026-01-31,24.2,79.4,0.0,None,1017.3,06:29:54,17:51:29,17.3,60.7,20.2,24.4,18.8,8.0,16.7,19.0,220.6,34.2
2026-02-01,24.2,79.9,0.0,None,1017.2,06:29:39,17:52:01,16.9,70.6,20.4,24.4,39.7,8.0,16.7,18.2,209.3,34.6
2026-02-02,24.3,77.9,0.0,None,1017.0,06:29:23,17:52:33,18.4,61.1,20.1,24.6,23.1,8.0,16.7,20.1,230.6,33.1
2026-02-03,24.0,76.7,0.0,None,1017.5,06:29:06,17:53:04,18.7,59.5,19.5,24.2,14.4,8.0,16.7,20.1,234.1,34.6
2026-02-04,24.3,71.2,0.0,None,1017.7,06:28:48,17:53:35,20.5,52.0,18.5,24.5,47.3,8.0,17.0,19.7,227.0,37.8
2026-02-05,24.2,69.1,0.0,None,1017.6,06:28:28,17:54:05,17.3,51.7,17.7,24.2,6.0,9.0,17.2,20.8,240.7,33.1
2026-02-06,23.8,69.5,0.0,None,1017.2,06:28:08,17:54:34,14.4,98.3,17.5,24.0,1.4,9.0,17.2,20.9,242.6,32.0
2026-02-07,24.2,66.6,0.0,None,1015.1,06:27:46,17:55:03,14.8,189.6,17.1,24.4,0.5,9.0,17.4,21.2,246.0,29.5
2026-02-08,23.9,71.3,0.0,None,1014.6,06:27:23,17:55:32,17.3,83.7,17.9,23.9,1.6,9.0,17.3,21.5,247.9,33.1
2026-02-09,23.6,75.3,0.0,None,1014.7,06:27:00,17:56:00,14.8,158.7,18.7,23.9,7.4,9.0,17.3,21.1,245.1,31.0
2026-02-10,23.9,73.9,0.0,None,1015.7,06:26:35,17:56:27,14.4,132.0,18.8,24.1,34.7,9.0,17.2,20.9,241.8,30.6
2026-02-11,23.8,72.9,0.0,None,1017.2,06:26:09,17:56:54,13.7,84.4,18.3,23.9,7.1,9.0,17.2,21.6,250.3,28.8
2026-02-12,24.0,68.7,0.0,None,1016.1,06:25:42,17:57:21,15.5,78.2,17.5,24.1,22.7,9.0,17.4,21.9,254.5,31.3
2026-02-13,24.2,70.2,0.0,None,1015.1,06:25:14,17:57:46,16.6,147.4,18.0,24.4,19.2,9.0,17.3,21.5,250.5,32.0
2026-02-14,24.5,75.9,0.0,None,1013.9,06:24:45,17:58:12,14.0,183.7,19.7,24.9,4.3,9.0,16.8,21.1,245.0,29.5
2026-02-15,24.9,78.2,0.0,None,1013.2,06:24:16,17:58:37,19.1,210.9,20.7,25.5,3.3,9.0,16.8,21.5,249.7,36.7
2026-02-16,25.3,79.2,0.0,None,1013.1,06:23:45,17:59:01,15.5,173.9,21.2,26.0,6.5,9.0,16.7,21.3,247.6,31.3
2026-02-17,25.0,77.3,0.0,None,1013.5,06:23:13,17:59:24,17.6,90.3,20.5,25.5,12.1,9.0,16.7,21.2,245.4,33.5
2026-02-18,24.8,73.4,0.0,None,1013.7,06:22:41,17:59:48,14.8,111.4,19.5,25.2,5.6,9.0,17.0,22.3,257.0,30.2
2026-02-19,25.0,70.9,0.0,None,1014.3,06:22:07,18:00:10,16.9,68.1,19.0,25.3,14.3,9.0,17.2,21.8,253.3,33.5
2026-02-20,25.6,63.9,0.0,None,1014.9,06:21:33,18:00:32,19.8,50.9,17.6,25.8,4.7,9.0,17.4,22.2,258.1,36.4
2026-02-21,25.7,65.4,0.0,None,1011.9,06:20:58,18:00:54,15.8,97.9,18.0,25.9,5.2,9.0,17.4,22.2,258.1,28.8
2026-02-22,26.3,75.4,0.0,None,1009.7,06:20:22,18:01:15,19.8,171.2,21.5,27.4,12.5,9.0,17.4,21.0,242.1,36.0
2026-02-23,26.7,76.7,0.0,None,1009.4,06:19:45,18:01:36,13.7,195.8,22.2,28.3,25.7,9.0,17.4,19.7,229.8,23.8
2026-02-24,26.7,76.5,0.1,rain,1010.7,06:19:08,18:01:56,14.0,172.1,22.1,27.9,56.1,9.0,18.2,19.1,219.1,29.9
2026-02-25,26.5,75.9,0.3,rain,1011.7,06:18:30,18:02:16,15.1,176.3,21.7,27.5,41.1,9.0,17.1,19.9,230.4,28.1
2026-02-26,26.5,73.9,0.0,None,1010.6,06:17:51,18:02:35,12.6,204.3,21.3,27.6,21.2,7.0,17.4,19.0,222.4,23.8
2026-02-27,26.9,77.7,0.0,None,1009.2,06:17:11,18:02:54,15.8,201.2,22.5,28.3,8.4,9.0,17.3,21.0,242.0,32.0
2026-02-28,26.9,78.0,0.0,None,1008.9,06:16:31,18:03:12,20.5,210.9,22.6,28.5,4.9,9.0,17.3,21.6,249.8,37.8
2026-03-01,27.0,76.5,0.0,None,1009.3,06:15:50,18:03:30,23.0,218.2,22.4,28.8,8.5,9.0,17.0,20.5,237.1,40.3
2026-03-02,27.9,69.3,0.0,None,1010.5,06:15:09,18:03:48,23.4,221.9,21.5,29.4,10.5,9.0,17.2,20.5,235.9,40.0
2026-03-03,27.7,69.2,0.0,None,1011.4,06:14:27,18:04:05,18.4,203.8,21.3,29.1,0.3,9.0,17.4,22.9,265.0,34.6
2026-03-04,27.1,76.0,0.0,None,1011.7,06:13:45,18:04:22,18.0,218.8,22.3,28.9,0.3,9.0,18.2,23.6,271.5,36.4
2026-03-05,27.8,74.8,0.0,None,1009.2,06:13:01,18:04:38,18.7,223.0,22.6,29.8,0.0,9.0,17.1,23.8,276.1,36.0
2026-03-06,27.3,81.8,0.0,None,1008.4,06:12:18,18:04:54,20.5,218.5,23.8,30.0,0.9,9.0,16.7,23.7,272.7,39.2
2026-03-07,27.6,81.2,0.0,None,1010.4,06:11:34,18:05:10,20.9,202.1,23.9,30.2,17.3,9.0,17.2,21.0,243.7,37.1
2026-03-08,27.7,77.0,0.0,rain,1011.7,06:10:49,18:05:25,18.7,206.4,23.2,30.2,25.8,9.0,17.3,21.4,246.2,37.1
2026-03-09,27.4,77.3,0.4,rain,1013.0,06:10:04,18:05:40,18.4,199.2,23.0,29.3,21.9,8.0,17.4,19.4,225.9,35.6
2026-03-10,27.2,73.1,0.0,None,1013.9,06:09:19,18:05:55,18.0,213.3,21.8,28.6,4.7,9.0,17.3,23.9,275.6,34.2
2026-03-11,27.6,69.9,0.0,None,1012.2,06:08:33,18:06:09,22.3,217.3,21.3,29.2,2.2,9.0,17.4,22.6,259.1,39.6
2026-03-12,27.8,73.9,0.0,None,1009.8,06:07:47,18:06:24,22.0,215.1,22.6,30.3,0.2,10.0,17.4,23.7,274.3,39.2
2026-03-13,27.4,82.0,0.0,None,1009.6,06:07:01,18:06:37,23.0,213.9,23.9,29.6,10.3,10.0,18.1,23.6,273.9,40.3
2026-03-14,27.5,80.0,0.0,None,1011.5,06:06:14,18:06:51,25.6,216.9,23.6,29.7,7.1,9.0,17.4,23.7,274.2,44.6
2026-03-15,27.4,78.6,0.0,None,1012.1,06:05:27,18:07:05,25.6,217.0,23.3,29.4,8.4,9.0,17.4,23.3,270.6,41.0
2026-03-16,27.4,77.5,0.0,None,1011.2,06:04:40,18:07:18,23.0,216.4,22.9,29.0,13.0,9.0,17.9,22.5,261.2,38.2
2026-03-17,27.4,76.6,0.0,None,1011.2,06:03:53,18:07:31,18.0,210.8,22.8,29.2,34.2,9.0,18.2,23.3,269.0,34.9
2026-03-18,27.6,76.1,0.0,None,1011.9,06:03:05,18:07:44,19.1,213.1,22.8,29.6,44.0,9.0,17.9,23.2,269.0,35.6
2026-03-19,27.2,73.6,1.2,rain,1012.2,06:02:17,18:07:57,19.8,220.6,21.8,28.6,36.4,9.0,17.6,21.8,250.6,35.6
2026-03-20,26.4,72.7,0.1,rain,1010.5,06:01:30,18:08:09,22.0,221.8,20.9,27.5,23.1,9.0,18.1,22.7,264.5,41.4
2026-03-21,26.4,74.9,0.2,rain,1011.0,06:00:42,18:08:22,15.8,220.5,21.5,28.0,12.5,9.0,17.3,20.6,240.4,30.2
2026-03-22,27.6,78.6,1.5,rain,1011.6,05:59:53,18:08:34,16.6,220.8,23.4,30.1,11.4,8.0,17.4,20.3,236.6,32.0
2026-03-23,27.8,78.3,0.1,rain,1011.9,05:59:05,18:08:46,14.4,205.3,23.5,30.6,9.3,8.0,17.4,20.4,237.6,34.6
2026-03-24,28.1,76.1,0.0,None,1010.9,05:58:17,18:08:58,18.7,211.2,23.4,31.0,9.3,9.0,17.7,21.6,249.1,33.8
2026-03-25,28.4,75.6,0.0,None,1010.5,05:57:29,18:09:11,21.6,218.3,23.5,31.6,12.8,9.0,17.4,21.8,251.1,36.0
2026-03-26,28.8,76.0,0.0,None,1011.1,05:56:41,18:09:23,17.3,210.4,24.0,32.6,12.1,9.0,18.3,22.3,259.0,28.4
2026-03-27,28.9,74.1,0.0,None,1009.1,05:55:52,18:09:35,21.2,216.5,23.5,32.0,8.7,10.0,24.1,23.5,270.9,38.5
2026-03-28,28.8,76.0,0.0,None,1007.2,05:55:04,18:09:47,25.9,213.1,23.8,32.0,13.2,9.0,24.1,23.3,269.3,46.8
2026-03-29,29.2,78.7,0.0,None,1007.4,05:54:16,18:09:59,25.9,213.6,24.9,34.2,12.7,10.0,24.1,23.0,265.3,44.3
2026-03-30,28.7,80.2,0.0,None,1008.8,05:53:28,18:10:11,23.8,210.8,24.8,33.1,28.1,9.0,24.1,23.3,268.3,42.1
2026-03-31,28.5,77.2,0.1,rain,1010.0,05:52:40,18:10:23,18.4,204.6,23.9,31.5,14.4,9.0,23.8,22.9,261.8,35.6
2026-04-01,28.7,74.7,0.0,None,1010.5,05:51:52,18:10:35,17.3,204.9,23.6,32.0,10.9,9.0,24.1,23.7,275.1,33.1
2026-04-02,28.7,73.2,0.0,None,1010.9,05:51:05,18:10:47,20.9,215.2,23.2,31.5,7.3,10.0,24.1,25.5,294.1,37.1
2026-04-03,29.0,78.9,0.0,None,1010.0,05:50:18,18:10:59,22.0,213.0,24.8,33.5,34.5,10.0,24.1,24.9,287.0,39.6
2026-04-04,28.7,79.3,0.0,None,1008.4,05:49:30,18:11:11,21.6,214.0,24.6,32.8,81.7,9.0,24.1,22.9,266.1,38.9
2026-04-05,29.0,80.2,5.9,rain,1007.9,05:48:44,18:11:24,22.0,211.3,25.1,34.0,57.0,9.0,24.1,22.6,263.3,37.8
2026-04-06,28.2,82.0,0.7,rain,1009.3,05:47:57,18:11:36,22.3,209.9,24.8,32.7,31.3,8.0,21.3,20.4,235.7,41.0
2026-04-07,29.1,78.8,0.1,rain,1008.9,05:47:11,18:11:49,21.2,210.8,24.9,33.7,18.3,10.0,24.1,23.4,271.2,39.6
2026-04-08,29.3,81.6,0.2,rain,1008.6,05:46:25,18:12:01,24.8,216.0,25.7,35.5,16.7,9.0,24.1,22.3,257.7,39.6
2026-04-09,29.5,82.0,0.8,rain,1009.3,05:45:39,18:12:14,25.9,219.8,26.0,36.2,27.8,9.0,24.1,21.7,249.6,40.3
2026-04-10,29.7,83.3,0.0,None,1010.4,05:44:54,18:12:27,19.4,210.4,26.5,37.2,18.7,9.0,24.1,21.8,251.0,34.9
2026-04-11,29.5,80.9,0.0,None,1010.2,05:44:09,18:12:40,20.2,216.0,25.7,35.8,16.9,8.0,24.1,22.0,253.8,36.0
2026-04-12,29.3,81.7,0.0,None,1008.6,05:43:24,18:12:54,22.7,210.0,25.7,35.3,7.1,9.0,24.1,23.6,273.5,39.6
2026-04-13,29.1,79.9,0.0,None,1009.0,05:42:40,18:13:07,25.6,214.5,25.2,34.5,7.3,10.0,24.1,24.2,279.0,44.6
2026-04-14,29.3,79.0,0.0,None,1008.7,05:41:57,18:13:21,25.6,217.2,25.2,34.8,6.9,9.0,24.1,24.2,280.0,43.6
2026-04-15,29.2,80.1,0.0,None,1006.8,05:41:13,18:13:35,25.6,213.9,25.3,34.9,8.9,9.0,24.1,24.8,285.8,43.6
2026-04-16,29.1,82.8,0.0,None,1006.9,05:40:31,18:13:49,26.6,213.4,25.7,35.0,22.5,10.0,24.1,24.9,287.0,46.1
2026-04-17,29.4,81.0,0.0,None,1007.9,05:39:49,18:14:03,23.8,212.3,25.6,35.4,11.9,10.0,24.1,24.7,286.6,42.5
2026-04-18,29.2,82.8,0.0,None,1007.8,05:39:07,18:14:17,22.7,210.6,25.9,35.3,54.1,10.0,24.1,25.1,291.5,41.4
2026-04-19,29.8,69.5,0.0,None,1007.6,05:38:26,18:14:32,27.4,208.0,23.2,33.4,50.9,10.0,24.1,27.0,313.7,38.9
2026-04-20,30.0,64.7,0.1,rain,1006.9,05:37:45,18:14:47,31.0,211.6,22.1,32.8,6.3,10.0,24.1,27.4,318.0,37.8
2026-04-21,30.7,57.8,0.4,rain,1006.6,05:37:05,18:15:03,31.0,225.4,20.8,33.0,42.3,10.0,24.1,26.4,304.0,39.6
2026-04-22,30.3,61.6,0.0,None,1006.3,05:36:26,18:15:18,28.1,210.0,21.7,33.0,56.3,10.0,24.1,24.9,290.3,31.7
2026-04-23,30.5,58.7,0.0,None,1005.8,05:35:48,18:15:34,27.4,206.6,21.1,33.1,36.5,10.0,24.1,25.9,298.8,34.9
2026-04-24,29.8,65.2,0.0,None,1006.2,05:35:10,18:15:50,27.7,206.2,22.2,32.8,54.6,10.0,24.1,27.3,316.5,34.9
2026-04-25,29.4,69.4,0.0,None,1007.7,05:34:32,18:16:06,27.4,204.9,22.8,32.5,82.7,10.0,24.1,25.9,299.4,36.4
